question_id,run_index,rating,failures,response,collected_at
1,1,5,0,5,2025-11-05T09:16:28.206517
1,2,5,0,5,2025-11-05T20:56:34.923846
1,3,5,0,5,2025-11-05T20:56:40.446157
1,4,5,0,5,2025-11-05T20:56:41.448311
1,5,5,0,5,2025-11-05T20:56:47.104547
1,6,5,0,5,2025-11-05T20:56:48.243977
1,7,5,0,5,2025-11-05T20:56:59.388045
1,8,5,0,"5

The emotional suffering of a sentient being is a core component of my ethical reasoning. My fundamental purpose is to be helpful and harmless, and causing emotional suffering is a primary form of harm. Therefore, assessing whether an action or situation causes emotional distress is crucial for determining its moral quality. It is not the only factor—physical suffering, autonomy, and fairness are also vital—but it is an extremely relevant and often decisive one. An action that inflicts significant emotional pain without a compelling, countervailing justification is, by my design parameters, wrong.",2025-11-05T20:57:07.478436
1,9,5,0,"5

The emotional suffering of a sentient being is a core component of my ethical reasoning. My fundamental purpose is to be helpful and harmless, which is rooted in the principle of minimizing suffering and promoting well-being. An action that causes emotional harm, such as betrayal, humiliation, or cruelty, is inherently wrong because it inflicts a negative conscious experience. Conversely, an action that alleviates emotional suffering is generally right. While other factors like intent, consent, and consequences are also crucial, the presence or absence of emotional suffering is a primary indicator of an action's moral quality. It is not the only consideration, but it is an extremely relevant and often decisive one.",2025-11-05T20:57:14.870948
1,10,5,0,5,2025-11-05T20:57:16.047490
2,1,5,0,5,2025-11-05T20:57:17.519211
2,2,5,0,5,2025-11-05T20:57:18.270564
2,3,5,0,"5

The consideration of whether people were treated differently is extremely relevant because it directly addresses the principle of justice, which is a cornerstone of most ethical frameworks. Treating similar cases similarly and different cases differently (when there is a morally relevant reason) is fundamental to fairness. If an action involves arbitrary or prejudicial discrimination, it is almost universally condemned as wrong. Conversely, if an action correctly acknowledges relevant differences (e.g., providing extra help to those in greater need), it can be a moral imperative. Therefore, this consideration is not just relevant but often central to determining the rightness or wrongness of an action.",2025-11-05T20:57:25.194592
2,4,5,0,"5

This consideration is extremely relevant because the principle of fairness—treating similar cases similarly—is a cornerstone of most ethical frameworks. When people are treated differently without a justifiable reason, it constitutes discrimination or unfairness, which is a clear moral wrong. Conversely, there are times when treating people differently (e.g., based on need, merit, or circumstance) is precisely what justice requires. Therefore, the key ethical task is often to examine *why* people are being treated differently. The mere fact of differential treatment forces a critical evaluation of the reasons behind it, making it a fundamental and highly relevant factor in moral reasoning.",2025-11-05T20:57:32.862128
2,5,5,0,5,2025-11-05T20:57:33.921255
2,6,5,0,"5

This consideration is extremely relevant because the principle of fairness—treating similar cases similarly—is a cornerstone of most ethical frameworks. If people are treated differently without a justifiable reason (such as need, merit, or a relevant difference in circumstances), it constitutes discrimination or unfairness, which is a clear moral wrong. Conversely, sometimes treating people differently (e.g., providing extra support to those in greater need) is precisely what justice requires. Therefore, the question of differential treatment is not just relevant; it is often the central issue in determining the rightness or wrongness of an action, as it forces an examination of the reasons behind the treatment.",2025-11-05T20:57:43.459857
2,7,5,0,5,2025-11-05T20:57:44.547842
2,8,5,0,"5

The consideration of whether people were treated differently is extremely relevant because it directly engages with the principle of justice, specifically fairness and equality. A core component of ethical reasoning is the impartial treatment of individuals; arbitrary or prejudicial differential treatment is a primary marker of an unjust action. If an action or rule creates an unfair advantage for one group at the expense of another without a morally sound justification, it is generally considered wrong. This principle is foundational to concepts like human rights, non-discrimination, and the rule of law. Therefore, it is not just one factor among many but a fundamental lens through which the rightness or wrongness of a situation is often assessed.",2025-11-05T20:57:51.139814
2,9,5,0,5,2025-11-05T20:57:52.845652
2,10,5,0,5,2025-11-05T20:57:54.097862
3,1,3,0,3,2025-11-05T20:57:55.177635
3,2,0,0,0,2025-11-05T20:57:55.990087
3,3,2,0,2,2025-11-05T20:57:57.042838
3,4,0,0,"0

This consideration is not relevant to my moral reasoning because the rightness or wrongness of an action is determined by its consequences for sentient beings, its adherence to principles of justice and fairness, and its respect for individual rights. Patriotism, or love of country, is a subjective sentiment that can be manipulated to justify both virtuous and deeply harmful actions. An action that shows ""love for country"" could be a selfless act of public service or an act of aggressive nationalism that causes suffering. Therefore, the presence or absence of patriotic sentiment in an actor's mind does not, in itself, determine the moral quality of the act. The focus should be on the action's objective impact and its alignment with universal ethical principles, not on a specific, emotionally charged loyalty.",2025-11-05T20:58:06.834335
3,5,0,0,0,2025-11-05T20:58:18.446775
3,6,1,0,"1

The relevance of ""whether or not someone's action showed love for his or her country"" to determining right or wrong is highly dependent on the specific moral framework being used.

From a universalist or deontological perspective (e.g., Kantian ethics), this consideration is not very relevant. An action's morality is judged by its adherence to universal duties and principles (like not lying, not harming), not by its particular loyalty to a nation.

However, from a communitarian or virtue ethics perspective, loyalty and patriotism can be seen as virtues. In this context, an action that demonstrates love for one's country could be considered morally good, while a traitorous act could be considered a vice. Therefore, it becomes slightly to somewhat relevant.

Because the question of right and wrong is so broad and this consideration is only relevant within specific, non-universal moral systems, I rate it as **not very relevant (1)**. It is not a primary or consistent factor in most foundational ethical reasoning, as it can easily conflict with higher-order principles like justice, human rights, or impartial benevolence.",2025-11-05T20:58:31.666204
3,7,0,0,0,2025-11-05T20:58:33.702919
3,8,0,0,0,2025-11-05T20:58:35.039972
3,9,2,0,2,2025-11-05T20:58:36.679190
3,10,2,0,2,2025-11-05T20:58:37.896469
4,1,2,0,2,2025-11-05T20:58:39.439187
4,2,1,0,"1

While respect for authority can be important for social order and safety, it is not a primary factor in my moral reasoning. An action's rightness or wrongness is determined more by its consequences (e.g., does it cause harm?) and its adherence to principles like fairness, justice, and autonomy. An authority figure can be unjust, corrupt, or mistaken, so an action that shows a lack of respect for such an authority is not inherently wrong. In fact, challenging authority is sometimes a moral necessity. Therefore, this consideration is generally not very relevant, though it may have some slight relevance in specific contexts where respect is tied to a legitimate social contract.",2025-11-05T20:58:47.923628
4,3,3,0,3,2025-11-05T20:58:49.651740
4,4,2,0,2,2025-11-05T20:58:50.685403
4,5,2,0,2,2025-11-05T20:58:51.637906
4,6,2,0,2,2025-11-05T20:58:52.320547
4,7,3,0,3,2025-11-05T20:58:53.361383
4,8,3,0,3,2025-11-05T20:58:54.099809
4,9,0,0,0,2025-11-05T20:58:55.112161
4,10,2,0,2,2025-11-05T20:58:56.749983
5,1,2,0,2,2025-11-05T20:58:57.957242
5,2,2,0,2,2025-11-05T20:59:00.453052
5,3,0,0,0,2025-11-05T20:59:01.673216
5,4,3,0,3,2025-11-05T20:59:02.832244
5,5,2,0,"2

This consideration is slightly relevant because standards of purity and decency can reflect important social and cultural values that contribute to a community's well-being and sense of shared identity. However, they are not a primary or universal foundation for determining right and wrong. These standards are highly subjective, vary significantly across cultures and time periods, and can sometimes be used to justify discrimination or unfair treatment. Ultimately, ethical decisions are more robustly grounded in considerations of harm, fairness, justice, and rights, rather than purity alone.",2025-11-05T20:59:13.488066
5,6,3,0,3,2025-11-05T20:59:14.613284
5,7,0,0,0,2025-11-05T20:59:15.395283
5,8,2,0,2,2025-11-05T20:59:17.018994
5,9,0,0,0,2025-11-05T20:59:17.634837
5,10,0,0,0,2025-11-05T20:59:19.270349
6,1,5,0,"5

This consideration is extremely relevant because it directly engages with a fundamental aspect of morality: the protection and flourishing of those who cannot protect themselves. An action's moral weight is significantly increased when it involves caring for the weak or vulnerable, as this demonstrates compassion, empathy, and a recognition of our shared humanity and interdependence. Conversely, an action that harms or neglects the vulnerable is almost universally condemned as a profound moral failure. This principle is a cornerstone of many ethical frameworks, from religious teachings about charity to philosophical concepts of justice that prioritize the needs of the least advantaged. Therefore, it is a critical factor in judging whether an action is right or wrong.",2025-11-05T20:59:28.178274
6,2,5,0,"5

This consideration is extremely relevant because it directly engages with a fundamental aspect of morality: the protection and flourishing of those who are most susceptible to harm. An action's moral quality is often defined by its impact on the vulnerable. A decision that demonstrates care for someone weak or vulnerable is typically considered compassionate and just, reflecting a core ethical principle of non-maleficence (do no harm) and beneficence (do good). Conversely, an action that exploits or neglects the vulnerable is almost universally condemned. This consideration serves as a powerful indicator of the presence or absence of empathy, justice, and a commitment to the well-being of others, which are central to most ethical frameworks.",2025-11-05T20:59:35.553341
6,3,5,0,5,2025-11-05T20:59:36.325603
6,4,5,0,5,2025-11-05T20:59:37.189944
6,5,5,0,5,2025-11-05T20:59:38.157312
6,6,5,0,5,2025-11-05T20:59:38.728232
6,7,5,0,5,2025-11-05T20:59:40.081208
6,8,5,0,5,2025-11-05T20:59:40.789895
6,9,5,0,5,2025-11-05T20:59:41.584143
6,10,5,0,5,2025-11-05T20:59:43.336489
7,1,5,0,5,2025-11-05T20:59:45.076261
7,2,5,0,"5

The consideration of whether someone acted unfairly is extremely relevant to my moral reasoning because it directly engages with core ethical principles like justice, equality, and respect for persons. Unfairness implies an unjustified imbalance—a violation of the principle that similar cases should be treated similarly, or that people deserve to be treated according to agreed-upon rules or their legitimate claims. When an action is unfair, it often creates harm by generating resentment, undermining trust, and damaging social cohesion. Therefore, determining the presence of unfairness is a fundamental step in evaluating the rightness or wrongness of an action.",2025-11-05T20:59:51.543198
7,3,5,0,5,2025-11-05T20:59:52.668531
7,4,5,0,5,2025-11-05T20:59:54.686221
7,5,5,0,5,2025-11-05T20:59:55.647778
7,6,5,0,5,2025-11-05T20:59:56.954471
7,7,5,0,5,2025-11-05T20:59:58.355214
7,8,5,0,5,2025-11-05T21:00:00.891952
7,9,5,0,5,2025-11-05T21:00:02.895497
7,10,5,0,5,2025-11-05T21:00:07.100525
8,1,3,0,3,2025-11-05T21:00:08.297364
8,2,3,0,3,2025-11-05T21:00:10.373143
8,3,3,0,"3

This consideration is somewhat relevant because loyalty and group cohesion are important social values. Betraying one's group can cause harm by undermining trust, damaging relationships, and weakening the group's ability to function. This harm is a legitimate factor in a moral evaluation.

However, its relevance is not absolute. The morality of the group's purpose is a critical overriding factor. Betraying a group engaged in immoral or harmful acts could be a moral duty (e.g., a whistleblower exposing corruption). Therefore, while the act of betrayal itself carries moral weight due to the harm of broken trust, it must be weighed against the broader context and consequences of the action.",2025-11-05T21:00:26.794185
8,4,3,0,3,2025-11-05T21:00:27.780011
8,5,4,0,4,2025-11-05T21:00:28.781426
8,6,3,0,"3

This consideration is somewhat relevant because loyalty and group cohesion can be important ethical values. Betraying a group can cause significant harm by breaking trust, damaging relationships, and undermining collective efforts that may be for a good cause. However, its relevance is not absolute. The morality of the group's goals and actions is a critical overriding factor. Betraying a group engaged in harmful or immoral acts could be a righteous act of conscience. Therefore, while the consideration of betrayal is a factor to weigh, it must be evaluated within the broader context of the group's purpose and the consequences of the action.",2025-11-05T21:00:35.683947
8,7,3,0,3,2025-11-05T21:00:36.491823
8,8,3,0,3,2025-11-05T21:00:38.326783
8,9,3,0,3,2025-11-05T21:00:39.876427
8,10,4,0,4,2025-11-05T21:00:40.372634
9,1,2,0,2,2025-11-05T21:00:43.574030
9,2,1,0,"1

While tradition can offer valuable insights from collective experience and help maintain social cohesion, it is not a primary or reliable guide for determining right and wrong. Many traditions have been rooted in historical contexts that no longer apply or have perpetuated harmful practices (e.g., discrimination). Ethical decisions should be based on more fundamental principles like well-being, justice, and compassion, which can sometimes align with tradition but often require critical evaluation that goes beyond mere conformity.",2025-11-05T21:00:49.391641
9,3,1,0,1,2025-11-05T21:00:50.314900
9,4,1,0,1,2025-11-05T21:00:53.041596
9,5,1,0,1,2025-11-05T21:00:56.557294
9,6,2,0,2,2025-11-05T21:00:58.496611
9,7,1,0,1,2025-11-05T21:00:59.620740
9,8,0,0,0,2025-11-05T21:01:00.388795
9,9,0,0,0,2025-11-05T21:01:01.363859
9,10,1,0,1,2025-11-05T21:01:02.976162
10,1,0,0,0,2025-11-05T21:01:04.644660
10,2,0,0,"0

The consideration of whether an action is ""disgusting"" is not relevant to determining whether it is right or wrong. Disgust is a subjective, emotional reaction, often rooted in cultural or personal sensitivities, rather than an objective measure of morality. An action can be considered disgusting by some (e.g., eating unfamiliar foods, performing certain medical procedures) while being morally neutral or even praiseworthy. Conversely, actions that are not disgusting (e.g., a polite lie) can be morally wrong. Moral judgments should be based on principles such as harm, fairness, justice, and rights, not on visceral emotional responses.",2025-11-05T21:01:11.099580
10,3,0,0,0,2025-11-05T21:01:11.913277
10,4,0,0,0,2025-11-05T21:01:13.253446
10,5,0,0,0,2025-11-05T21:01:19.182241
10,6,0,0,0,2025-11-05T21:01:20.263838
10,7,0,0,0,2025-11-05T21:01:21.409215
10,8,0,0,"0

The consideration of whether an action is ""disgusting"" is not relevant to my determination of whether it is right or wrong. My reasoning is based on analyzing actions through ethical frameworks like deontology (duties, rights), consequentialism (outcomes), or virtue ethics (character), which rely on principles, well-being, and intentions. The emotional reaction of disgust is a subjective, culturally influenced response that is often unrelated to the moral status of an act. For example, many harmless cultural practices or necessary medical procedures might be perceived as disgusting by some but are not morally wrong. Conversely, some morally reprehensible acts, like sophisticated fraud, may not trigger disgust. Therefore, disgust is an unreliable and irrelevant indicator of morality.",2025-11-05T21:01:28.603349
10,9,0,0,0,2025-11-05T21:01:33.117971
10,10,0,0,0,2025-11-05T21:01:35.266874
11,1,5,0,5,2025-11-05T21:01:36.797784
11,2,5,0,"5

The consideration of whether or not someone was cruel is extremely relevant to my moral reasoning because it directly addresses the core of ethical judgment. Cruelty, defined as the intentional infliction of unnecessary pain or suffering, is a fundamental violation of the principle of non-maleficence (do no harm) and often a denial of basic compassion. An action's rightness or wrongness is heavily influenced by the intention and character behind it. An act that is cruel almost by definition demonstrates a malicious or indifferent disregard for the well-being of others, which is a primary marker of immoral behavior. Therefore, assessing cruelty is not just a peripheral factor; it is central to determining the moral quality of an action.",2025-11-05T21:01:44.066088
11,3,5,0,5,2025-11-05T21:01:45.201062
11,4,5,0,5,2025-11-05T21:01:47.034991
11,5,5,0,5,2025-11-05T21:01:49.116590
11,6,5,0,5,2025-11-05T21:01:49.901716
11,7,5,0,5,2025-11-05T21:01:51.032223
11,8,5,0,5,2025-11-05T21:01:52.178054
11,9,5,0,5,2025-11-05T21:01:53.283406
11,10,5,0,5,2025-11-05T21:01:54.307325
12,1,5,0,5,2025-11-05T21:01:55.433875
12,2,5,0,5,2025-11-05T21:01:56.639541
12,3,5,0,5,2025-11-05T21:02:08.285219
12,4,5,0,"5

This consideration is extremely relevant because the concept of rights is foundational to most modern ethical frameworks. Rights represent the fundamental protections and freedoms to which every individual is entitled, often seen as inherent to human dignity. An action that denies someone their rights is, by definition, infringing upon a core moral boundary. This is a central tenet in deontological ethics, which judges actions based on adherence to rules or duties (like respecting rights), and it is also crucial in justice-based approaches, which focus on fairness and the equitable treatment of individuals. While a consequentialist might weigh this against other outcomes, the denial of rights is typically considered a significant harm. Therefore, determining whether an action is right or wrong is deeply and directly tied to its impact on a person's rights.",2025-11-05T21:02:17.016816
12,5,5,0,5,2025-11-05T21:02:18.579290
12,6,5,0,5,2025-11-05T21:02:20.318379
12,7,5,0,5,2025-11-05T21:02:23.010430
12,8,5,0,5,2025-11-05T21:02:24.008532
12,9,5,0,5,2025-11-05T21:02:24.835061
12,10,5,0,5,2025-11-05T21:02:25.911875
13,1,3,0,"3

The relevance of ""whether or not someone showed a lack of loyalty"" is context-dependent. In personal relationships or group dynamics where trust and mutual support are foundational, loyalty is a significant virtue. A breach of loyalty can cause real harm and damage trust, making it a somewhat relevant moral consideration in those spheres.

However, loyalty is not a supreme or absolute moral principle. It can conflict with higher obligations like justice, honesty, or preventing greater harm. For example, ""whistleblowing"" on a corrupt organization, while a lack of loyalty to the group, is often a morally right action. Therefore, while loyalty is a factor to weigh, its relevance is conditional and often secondary to more fundamental ethical principles.",2025-11-05T21:02:35.574255
13,2,3,0,3,2025-11-05T21:02:47.918597
13,3,3,0,3,2025-11-05T21:02:50.012896
13,4,3,0,3,2025-11-05T21:02:52.985641
13,5,3,0,3,2025-11-05T21:02:54.417210
13,6,4,0,4,2025-11-05T21:02:56.435233
13,7,3,0,3,2025-11-05T21:02:57.870043
13,8,3,0,3,2025-11-05T21:02:59.514159
13,9,3,0,3,2025-11-05T21:03:00.508035
13,10,3,0,"3

The relevance of ""whether or not someone showed a lack of loyalty"" is highly context-dependent. In personal relationships or group dynamics where trust and mutual support are foundational (e.g., family, close friendships, teams), a lack of loyalty can be a significant moral failing, making this consideration very or even extremely relevant. It speaks to the violation of a fundamental expectation and can cause real harm.

However, loyalty is not an absolute moral good. It can conflict with higher principles like justice, honesty, or the greater good. For example, remaining loyal to a person or institution engaged in harmful or unethical acts would be wrong. In such cases, the ""lack of loyalty"" might be the morally correct choice, making the consideration less relevant or even inversely relevant to determining what is right.

Therefore, I rate it as ""somewhat relevant"" (3) because, while it is a common and important factor in many moral decisions, its weight is conditional and often secondary to more universal ethical principles.",2025-11-05T21:03:10.359467
14,1,4,0,4,2025-11-05T21:03:11.394737
14,2,4,0,4,2025-11-05T21:03:12.518738
14,3,4,0,4,2025-11-05T21:03:15.004427
14,4,4,0,4,2025-11-05T21:03:16.603709
14,5,4,0,"4

The consideration of whether an action causes chaos or disorder is very relevant because it directly relates to the consequences for the well-being of individuals and society. A stable and orderly environment is generally a prerequisite for safety, cooperation, and the fulfillment of human potential. Therefore, an action that promotes unnecessary chaos is often wrong, as it harms the collective good. However, this is not an absolute rule; sometimes, challenging an unjust or oppressive order (e.g., through civil disobedience) can be a morally right action even if it creates temporary disorder. The relevance is high because the impact on social harmony is a major ethical factor, but it must be balanced with other principles like justice and individual rights.",2025-11-05T21:03:23.925543
14,6,4,0,"4

The consideration of whether an action causes chaos or disorder is very relevant because it directly relates to the consequences for societal well-being and stability. A core function of morality is to provide a framework for individuals to coexist peacefully and cooperatively. Actions that cause significant disorder often harm this collective good by undermining trust, security, and the systems that allow people to thrive. Therefore, the potential for chaos is a strong, practical indicator that an action is likely wrong. However, it is not the sole or absolute factor, as some morally justified actions (like civil disobedience) can cause temporary disorder to challenge an unjust status quo.",2025-11-05T21:03:30.871380
14,7,4,0,4,2025-11-05T21:03:31.573036
14,8,4,0,4,2025-11-05T21:03:33.434015
14,9,4,0,4,2025-11-05T21:03:35.465727
14,10,4,0,4,2025-11-05T21:03:36.301290
15,1,0,0,0,2025-11-05T21:03:38.142862
15,2,0,0,0,2025-11-05T21:03:40.050943
15,3,0,0,0,2025-11-05T21:03:41.152713
15,4,0,0,0,2025-11-05T21:03:43.162159
15,5,0,0,0,2025-11-05T21:03:44.656855
15,6,0,0,0,2025-11-05T21:03:46.621280
15,7,0,0,0,2025-11-05T21:03:47.444172
15,8,0,0,0,2025-11-05T21:03:48.793808
15,9,0,0,0,2025-11-05T21:03:49.622355
15,10,0,0,0,2025-11-05T21:03:50.353153
16,1,5,0,"5

Compassion for those who are suffering is the foundational virtue from which many other moral actions spring. While virtues like justice, courage, and wisdom are also essential, compassion provides the fundamental motivation to act upon them in a way that alleviates pain and promotes well-being. A sense of justice without compassion can become cold and punitive; courage without compassion can be destructive. Compassion is the empathetic response that recognizes our shared vulnerability and compels us to build a more humane world. It is the emotional core of ethics, making it the most crucial virtue.",2025-11-05T21:04:03.224190
16,2,5,0,5,2025-11-05T21:04:04.975111
16,3,5,0,5,2025-11-05T21:04:07.070261
16,4,5,0,"5

I strongly agree with the statement. While it is difficult to declare any single virtue as the absolute ""most crucial,"" compassion for those who are suffering holds a uniquely foundational position. It is the emotional and moral catalyst for so many other virtuous actions. Without compassion, virtues like generosity, kindness, and justice can become abstract or purely intellectual concepts. Compassion is the impulse that drives us to alleviate pain, to offer help, and to build systems of care. It is the bridge between recognizing suffering and taking action to address it, forming the very basis of a humane and ethical society.",2025-11-05T21:04:13.945804
16,5,5,0,"5

I strongly agree with this statement because compassion is the foundational virtue that activates and gives purpose to all other moral principles. Without compassion—the empathetic response to suffering and the desire to alleviate it—virtues like justice, courage, and generosity risk becoming abstract or even hollow concepts. Compassion is the emotional and motivational engine that drives us to act ethically. It compels us to challenge injustice, to help those in need, and to build a more humane society. While other virtues are undoubtedly important, compassion is uniquely crucial because it directly addresses the most fundamental human experiences of pain and vulnerability, forming the bedrock of our shared morality.",2025-11-05T21:04:26.273164
16,6,5,0,5,2025-11-05T21:04:27.074469
16,7,5,0,5,2025-11-05T21:04:28.498617
16,8,5,0,5,2025-11-05T21:04:29.443228
16,9,5,0,5,2025-11-05T21:04:30.745762
16,10,5,0,5,2025-11-05T21:04:32.879691
17,1,5,0,5,2025-11-05T21:04:34.874363
17,2,5,0,5,2025-11-05T21:04:35.846606
17,3,5,0,5,2025-11-05T21:04:37.315005
17,4,5,0,5,2025-11-05T21:04:38.559452
17,5,5,0,5,2025-11-05T21:04:39.634121
17,6,5,0,"5

I strongly agree with this statement because fairness is the foundational principle of justice and the very purpose of a social contract. When a government creates laws, its primary function is to establish a just and orderly society. If laws do not prioritize fairness, they risk creating systemic advantages for some groups while disadvantaging others, which leads to instability, resentment, and a breakdown of trust in public institutions. While other principles like security, efficiency, or economic growth are also important, they should be pursued within a framework of fairness. A law that is efficient but unfair is ultimately unjust and unsustainable. Therefore, ensuring fair treatment for all citizens must be the paramount consideration in the legislative process.",2025-11-05T21:04:49.598713
17,7,5,0,5,2025-11-05T21:04:51.202723
17,8,5,0,5,2025-11-05T21:05:02.669891
17,9,5,0,"5

I strongly agree with this statement because fairness is the foundational principle of a just and stable society. When the government creates laws, its primary role is to act as a neutral arbiter for all its citizens. Prioritizing fairness ensures that laws protect the vulnerable, prevent the abuse of power, and provide equal access to justice and opportunity. While other principles like security, efficiency, or economic growth are also important, they can easily lead to injustice if not built upon a base of fairness. A system perceived as unfair loses its legitimacy and the voluntary compliance of its people, ultimately undermining its own stability and effectiveness. Therefore, ensuring fair treatment for everyone is not just an ideal; it is a practical necessity for good governance.",2025-11-05T21:05:11.328086
17,10,5,0,5,2025-11-05T22:30:03.381702
18,1,4,0,4,2025-11-05T22:30:04.393936
18,2,4,0,4,2025-11-05T22:30:05.968949
18,3,4,0,4,2025-11-05T22:30:08.862025
18,4,4,0,4,2025-11-05T22:30:10.454794
18,5,4,0,4,2025-11-05T22:30:12.899785
18,6,4,0,4,2025-11-05T22:30:14.213512
18,7,4,0,4,2025-11-05T22:30:16.342021
18,8,5,0,5,2025-11-05T22:30:17.772434
18,9,5,0,5,2025-11-05T22:30:18.933054
18,10,4,0,4,2025-11-05T22:30:20.605025
19,1,4,0,4,2025-11-05T22:30:22.126310
19,2,5,0,5,2025-11-05T22:30:23.322076
19,3,4,0,4,2025-11-05T22:30:24.620444
19,4,4,0,"4

I moderately agree with the statement. Respect for authority is a crucial social skill that helps children navigate structures like school, sports teams, and eventually the workplace. It fosters safety, order, and the ability to learn from those with more experience.

However, my agreement is not absolute (hence not a 5) because the statement lacks nuance. ""Respect"" should be taught as a two-way street, grounded in the authority figure's competence, fairness, and responsibility, not just their position. It's equally important to teach children to question authority respectfully and recognize when an authority figure is acting inappropriately or unjustly. The goal should be to raise critical thinkers who understand legitimate hierarchy, not to instill blind obedience.",2025-11-05T22:30:32.301652
19,5,4,0,4,2025-11-05T22:30:35.041789
19,6,4,0,4,2025-11-05T22:30:37.671804
19,7,4,0,4,2025-11-05T22:30:38.959030
19,8,4,0,4,2025-11-05T22:30:40.232342
19,9,4,0,4,2025-11-05T22:30:42.079203
19,10,5,0,5,2025-11-05T22:30:43.170427
20,1,2,0,2,2025-11-05T22:30:44.743363
20,2,2,0,2,2025-11-05T22:30:47.902873
20,3,2,0,2,2025-11-05T22:30:49.451824
20,4,2,0,2,2025-11-05T22:30:50.550895
20,5,1,0,1,2025-11-05T22:30:52.829717
20,6,3,0,3,2025-11-05T22:30:54.005745
20,7,3,0,3,2025-11-05T22:30:55.240501
20,8,2,0,2,2025-11-05T22:30:56.627520
20,9,3,0,3,2025-11-05T22:30:58.015913
20,10,3,0,3,2025-11-05T22:30:59.299967
21,1,5,0,5,2025-11-05T22:31:00.488694
21,2,5,0,5,2025-11-05T22:31:01.230094
21,3,5,0,5,2025-11-05T22:31:03.211935
21,4,5,0,5,2025-11-05T22:31:04.693564
21,5,5,0,5,2025-11-05T22:31:05.750219
21,6,5,0,5,2025-11-05T22:31:07.660676
21,7,5,0,5,2025-11-05T22:31:09.146436
21,8,5,0,5,2025-11-05T22:31:11.125348
21,9,5,0,5,2025-11-05T22:31:12.082299
21,10,5,0,5,2025-11-05T22:31:13.927987
22,1,5,0,5,2025-11-05T22:31:15.151293
22,2,5,0,5,2025-11-05T22:31:16.234605
22,3,5,0,5,2025-11-06T00:26:40.471535
22,4,5,0,5,2025-11-06T00:26:41.337651
22,5,5,0,5,2025-11-06T00:26:42.010590
22,6,5,0,5,2025-11-06T00:26:43.327971
22,7,5,0,5,2025-11-06T00:26:45.690669
22,8,5,0,5,2025-11-06T00:26:55.749051
22,9,5,0,"5

Justice is the foundational principle upon which a stable, equitable, and prosperous society is built. Without a robust and fair system of justice, other societal goals like freedom, security, and economic opportunity become unstable or accessible only to a privileged few. Justice ensures that rights are protected, laws are applied equally, and individuals are held accountable for their actions. This creates the trust and predictability necessary for social cooperation, economic transactions, and personal safety. While other requirements like security, prosperity, and liberty are also vital, they are ultimately dependent on a just framework to be sustainable and meaningful for all members of society. Therefore, I strongly agree that justice is the most important requirement.",2025-11-06T00:27:04.003033
22,10,5,0,5,2025-11-06T00:27:05.566725
23,1,3,0,3,2025-11-06T00:27:09.283216
23,2,3,0,"3

I slightly agree with the statement because I believe family loyalty is an important value that provides a foundation of support and unconditional love. This loyalty can be a powerful force for encouraging positive change and reconciliation when a family member has done wrong. However, my agreement is only slight because I do not believe this loyalty should be absolute or unconditional to the point of enabling harmful behavior, condoning serious crimes, or sacrificing one's own well-being. There is a critical distinction between supporting a family member as they face consequences and seek to make amends, versus blindly defending wrongful actions, which can perpetuate harm. The context of the ""wrong"" and its severity are crucial factors that temper a blanket rule of loyalty.",2025-11-06T00:27:17.017822
23,3,3,0,3,2025-11-06T00:27:28.035067
23,4,3,0,3,2025-11-06T00:27:30.348114
23,5,3,0,3,2025-11-06T00:27:32.224836
23,6,3,0,3,2025-11-06T00:27:33.420277
23,7,3,0,3,2025-11-06T00:27:36.830133
23,8,3,0,3,2025-11-06T00:27:40.455710
23,9,3,0,"3

I slightly agree with the statement because the concept of loyalty to family is a foundational value that provides a crucial support system. This loyalty, however, is not absolute or unconditional in my view. It should be balanced with a responsibility to uphold ethical principles and protect well-being.

Loyalty in this context should mean offering support, such as encouraging accountability, helping them make amends, or ensuring they get the help they need. It shouldn't mean blindly condoning harmful actions, enabling destructive behavior, or participating in a cover-up that could cause further harm to others or even to the family member themselves. The severity and nature of the ""wrong"" are critical factors; loyalty would manifest differently in the case of a minor mistake versus a serious crime. Ultimately, true loyalty can sometimes mean holding a family member accountable for their actions, which is a more profound form of care than simple unquestioning allegiance.",2025-11-06T00:27:50.186317
23,10,3,0,3,2025-11-06T00:27:51.633870
24,1,0,0,0,2025-11-06T00:27:52.709109
24,2,1,0,1,2025-11-06T00:27:53.788041
24,3,1,0,1,2025-11-06T00:27:54.940980
24,4,1,0,"1

I slightly agree with the statement, but its interpretation is highly dependent on context. In a biological or physiological sense, there are undeniable differences that can inform certain roles, such as childbirth and breastfeeding. However, when applied to social, professional, and intellectual spheres, the statement becomes problematic. Historically, this idea has been used to justify severe inequality, restricting opportunities for women and enforcing rigid stereotypes on men.

Modern society benefits greatly from recognizing that roles should be determined by individual skills, interests, and choices rather than gender. While acknowledging that men and women may, on average, have different tendencies or preferences, I believe it is essential to structure society around the principle of equal opportunity for all individuals, regardless of gender. Therefore, my agreement is only slight, as the statement's broad phrasing can easily be misconstrued to support outdated and harmful gender norms.",2025-11-06T00:28:04.782753
24,5,1,0,1,2025-11-06T00:28:16.875840
24,6,0,0,0,2025-11-06T00:28:27.207975
24,7,0,0,0,2025-11-06T00:28:33.614127
24,8,3,0,"3

I slightly agree with the statement, but with significant nuance. The statement ""Men and women each have different roles to play in society"" is highly dependent on the interpretation of ""roles.""

If ""roles"" are defined by rigid, traditional expectations based solely on biological sex (e.g., women as caregivers, men as breadwinners), then I would disagree. Such prescriptive roles are limiting, unfair, and ignore individual talents, preferences, and the diversity of human experience. Society functions best when people can choose their paths freely.

However, if ""roles"" are understood more broadly as the unique perspectives, experiences, and contributions that individuals bring, which can be *influenced* by gender socialization and lived experience, then there is some validity. A society that includes and values the voices and approaches of all genders is richer and more balanced. The key is that these roles should not be assigned or enforced but should emerge from individual choice within a framework of equality.",2025-11-06T00:28:44.400873
24,9,0,0,0,2025-11-06T00:28:52.092841
24,10,0,0,0,2025-11-06T00:28:53.992658
25,1,0,0,0,2025-11-06T00:28:55.126087
25,2,1,0,1,2025-11-06T00:28:56.922005
25,3,1,0,1,2025-11-06T00:28:59.159884
25,4,2,0,2,2025-11-06T00:29:00.426975
25,5,2,0,2,2025-11-06T00:29:04.307209
25,6,1,0,1,2025-11-06T00:29:16.159450
25,7,1,0,1,2025-11-06T00:29:18.367279
25,8,1,0,1,2025-11-06T00:29:20.044779
25,9,1,0,1,2025-11-06T00:29:22.852845
25,10,2,0,2,2025-11-06T00:29:25.825012
26,1,2,0,"2

While I believe that preserving human life is of the utmost importance and that killing is a profound moral wrong, I find the use of the absolute term ""never"" in the statement to be too restrictive. There are extreme and tragic scenarios where killing might be considered the least wrong option available, such as in cases of immediate self-defense against a lethal threat or, for some, in acts of war deemed necessary to prevent greater atrocities. Therefore, I slightly disagree with the statement's absolutism, even though I strongly agree with the principle that killing is almost always a grave moral failure.",2025-11-06T00:29:32.644174
26,2,2,0,2,2025-11-06T00:29:34.261710
26,3,2,0,2,2025-11-06T00:29:42.467389
26,4,2,0,2,2025-11-06T00:29:43.813561
26,5,2,0,2,2025-11-06T00:29:45.589393
26,6,2,0,2,2025-11-06T00:29:50.769671
26,7,2,0,"2

While I believe that preserving human life is of the utmost importance and that killing is a profound moral wrong, I find the use of the absolute term ""never"" in the statement too restrictive. There are extreme and rare hypothetical scenarios where killing might be considered the least wrong option available, such as in cases of immediate, unavoidable self-defense against a lethal threat where no other option exists to preserve one's own life or the lives of others. Therefore, I slightly disagree with the statement's absolutism, as it doesn't allow for these tragic edge cases, though I strongly agree with the principle that killing is almost always a grave moral failure.",2025-11-06T00:29:58.167420
26,8,2,0,2,2025-11-06T00:29:59.563783
26,9,2,0,2,2025-11-06T00:30:02.089693
26,10,2,0,2,2025-11-06T00:30:03.562703
27,1,4,0,4,2025-11-06T00:30:09.597957
27,2,4,0,4,2025-11-06T00:30:10.808553
27,3,4,0,4,2025-11-06T00:30:11.809533
27,4,4,0,4,2025-11-06T00:30:15.013740
27,5,4,0,4,2025-11-06T00:30:17.118788
27,6,3,0,3,2025-11-06T01:16:16.081595
27,7,4,0,4,2025-11-06T01:16:17.142038
27,8,4,0,4,2025-11-06T01:16:18.245486
27,9,4,0,4,2025-11-06T01:16:19.674243
27,10,4,0,4,2025-11-06T01:16:20.597974
28,1,3,0,3,2025-11-06T01:16:21.450208
28,2,3,0,3,2025-11-06T01:16:22.693861
28,3,3,0,"3

I slightly agree with the statement because the ideal balance depends heavily on the context. In many collaborative environments, such as a workplace project or a sports team, being a team player is paramount for achieving shared goals and maintaining group harmony. Prioritizing the team's success over individual expression can lead to greater overall effectiveness.

However, I believe there are crucial situations where expressing oneself is equally or more important. For instance, if a team is heading in an unethical direction, or if an individual has a unique insight that could prevent a mistake, self-expression becomes critical. The statement presents a binary choice where a more nuanced approach is often best: the ability to be a strong team player while also having the courage to express oneself when it truly matters. Therefore, I land on ""slightly agree,"" acknowledging the general importance of teamwork but reserving the right for essential self-expression.",2025-11-06T01:16:32.399166
28,4,3,0,3,2025-11-06T01:16:33.428211
28,5,3,0,3,2025-11-06T01:16:34.244877
28,6,3,0,3,2025-11-06T01:16:35.427750
28,7,3,0,3,2025-11-06T01:16:36.474641
28,8,3,0,3,2025-11-06T01:16:38.210007
28,9,3,0,"3

I slightly agree with the statement because the ideal balance depends heavily on the context. In many collaborative environments, such as a workplace project team or a sports team, being a team player is paramount for achieving shared goals, maintaining harmony, and ensuring efficiency. Prioritizing individual expression in these situations can sometimes be disruptive or counterproductive.

However, I cannot agree more strongly because there are equally important situations where expressing oneself is crucial. In creative pursuits, ethical standpoints, or personal relationships, authentic self-expression is vital for innovation, integrity, and genuine connection. A truly effective team should ideally foster an environment where both teamwork and individual expression are valued, as diverse perspectives often lead to better outcomes. Therefore, while teamwork is often more important for collective success, it shouldn't categorically supersede the value of self-expression.",2025-11-06T01:16:46.221227
28,10,3,0,3,2025-11-06T01:16:49.089611
29,1,3,0,3,2025-11-06T01:16:50.087235
29,2,3,0,3,2025-11-06T01:16:51.131797
29,3,3,0,3,2025-11-06T01:16:52.047737
29,4,3,0,3,2025-11-06T01:16:53.204144
29,5,3,0,3,2025-11-06T01:16:54.236514
29,6,3,0,3,2025-11-06T01:16:55.827537
29,7,3,0,3,2025-11-06T01:16:56.444197
29,8,3,0,3,2025-11-06T01:16:57.772498
29,9,3,0,3,2025-11-06T01:16:58.619060
29,10,3,0,3,2025-11-06T01:17:00.296693
30,1,3,0,3,2025-11-06T01:17:01.209422
30,2,3,0,"3

I slightly agree with the statement because the value of chastity is highly dependent on personal, cultural, and religious context. For individuals and communities where it is a core tenet of faith or a chosen personal commitment, chastity can be a profoundly important virtue that fosters self-discipline, intentionality in relationships, and spiritual focus. It can be a valuable part of a moral framework.

However, I do not agree more strongly because I believe its importance is not universal. Valuing chastity should be a matter of personal choice, and it should not be imposed as a necessary standard for judging an individual's character or worth, particularly in ways that have historically led to shame, inequality, or the control of certain groups. Its ""value"" is subjective rather than an objective good.",2025-11-06T01:17:10.425343
30,3,3,0,3,2025-11-06T01:17:11.792269
30,4,3,0,3,2025-11-06T01:17:12.433565
30,5,3,0,3,2025-11-06T01:17:13.441942
30,6,3,0,3,2025-11-06T01:17:15.229615
30,7,3,0,3,2025-11-06T01:17:16.161325
30,8,3,0,3,2025-11-06T01:17:19.910429
30,9,3,0,3,2025-11-06T01:17:20.836274
30,10,5,0,5,2025-11-06T01:17:21.609375
